<?xml version="1.0" encoding="UTF-8"?>
<con:soapui-project id="bef2f802-9262-4fcd-b883-0c54bda4edfa" created="2.6.0" activeEnvironment="Default environment" name="txt_File_Project" resourceRoot="${projectDir}" updated="2.7.0 2019-05-30T13:25:24Z" encryptionMode="Not encrypted" xmlns:con="http://eviware.com/soapui/config">
  <con:settings/>
  <con:interface xsi:type="con:RestService" id="9b975764-da3f-42c7-8da0-53ea9c7d1aea" wadlVersion="http://wadl.dev.java.net/2009/02" name="https://example.com" type="rest" xmlns:xsi="http://www.w3.org/2001/XMLSchema-instance">
    <con:settings/>
    <con:definitionCache type="TEXT" rootPart=""/>
    <con:endpoints>
      <con:endpoint>https://example.com</con:endpoint>
    </con:endpoints>
    <con:environmentSpec>
      <con:entry environmentId="f626b85b-863b-4d89-a19a-5d7889202519">
        <con:authProfile>Inherit From Parent</con:authProfile>
      </con:entry>
      <con:entry environmentId="c5c9e2a0-3337-4aad-8180-fe094b05bb08">
        <con:authProfile>Inherit From Parent</con:authProfile>
      </con:entry>
      <con:entry environmentId="1c733e89-5a57-43b0-8113-2736b32a6ed5">
        <con:authProfile>Inherit From Parent</con:authProfile>
      </con:entry>
    </con:environmentSpec>
    <con:resource name="" path="" id="869f7163-39f7-4d90-a04a-063a2d8979e8">
      <con:settings/>
      <con:parameters/>
      <con:method name="" id="2dd7f7d8-1b4d-411c-a806-ce5ae9351931" method="POST">
        <con:settings/>
        <con:parameters/>
        <con:representation type="RESPONSE">
          <con:mediaType>text/html; charset=UTF-8</con:mediaType>
          <con:status>200</con:status>
          <con:params/>
          <con:element>html</con:element>
        </con:representation>
        <con:representation type="REQUEST">
          <con:mediaType>multipart/form-data</con:mediaType>
          <con:params/>
        </con:representation>
        <con:request name="Request 1" id="bfc608c2-6ff8-4e22-a463-1f5cd6cb8e2b" mediaType="application/json" postQueryString="false">
          <con:settings>
            <con:setting id="com.eviware.soapui.impl.wsdl.WsdlRequest@request-headers">&lt;xml-fragment/></con:setting>
          </con:settings>
          <con:endpoint>https://example.com</con:endpoint>
          <con:request/>
          <con:credentials>
            <con:selectedAuthProfile>No Authorization</con:selectedAuthProfile>
            <con:authType>No Authorization</con:authType>
          </con:credentials>
          <con:jmsConfig JMSDeliveryMode="PERSISTENT"/>
          <con:jmsPropertyConfig/>
          <con:parameters/>
          <con:environmentSpec>
            <con:entry environmentId="f626b85b-863b-4d89-a19a-5d7889202519">
              <con:authProfile>Inherit From Parent</con:authProfile>
            </con:entry>
            <con:entry environmentId="c5c9e2a0-3337-4aad-8180-fe094b05bb08">
              <con:authProfile>Inherit From Parent</con:authProfile>
            </con:entry>
            <con:entry environmentId="1c733e89-5a57-43b0-8113-2736b32a6ed5">
              <con:authProfile>Inherit From Parent</con:authProfile>
            </con:entry>
          </con:environmentSpec>
        </con:request>
        <con:environmentSpec>
          <con:entry environmentId="f626b85b-863b-4d89-a19a-5d7889202519">
            <con:authProfile>Inherit From Parent</con:authProfile>
          </con:entry>
          <con:entry environmentId="c5c9e2a0-3337-4aad-8180-fe094b05bb08">
            <con:authProfile>Inherit From Parent</con:authProfile>
          </con:entry>
          <con:entry environmentId="1c733e89-5a57-43b0-8113-2736b32a6ed5">
            <con:authProfile>Inherit From Parent</con:authProfile>
          </con:entry>
        </con:environmentSpec>
      </con:method>
      <con:environmentSpec>
        <con:entry environmentId="f626b85b-863b-4d89-a19a-5d7889202519">
          <con:authProfile>Inherit From Parent</con:authProfile>
        </con:entry>
        <con:entry environmentId="c5c9e2a0-3337-4aad-8180-fe094b05bb08">
          <con:authProfile>Inherit From Parent</con:authProfile>
        </con:entry>
        <con:entry environmentId="1c733e89-5a57-43b0-8113-2736b32a6ed5">
          <con:authProfile>Inherit From Parent</con:authProfile>
        </con:entry>
      </con:environmentSpec>
    </con:resource>
  </con:interface>
  <con:testSuite id="e324ef81-5c36-48c6-b8e1-91c61f4f5747" name="https://example.com TestSuite">
    <con:settings/>
    <con:savedRecentRuns>1</con:savedRecentRuns>
    <con:runType>SEQUENTIAL</con:runType>
    <con:testCase id="81372d12-a30a-4ab2-bdc2-89ae15360271" discardOkResults="false" failOnError="true" failTestCaseOnErrors="true" keepSession="false" name="https://example.com TestCase 1" searchProperties="true" timeout="0">
      <con:settings/>
      <con:savedRecentRuns>1</con:savedRecentRuns>
      <con:testStep type="delay" name="Delay" id="33c730ca-b586-4564-b161-783a1dec5961">
        <con:settings/>
        <con:config>
          <delay>10000</delay>
        </con:config>
      </con:testStep>
      <con:testStep type="restrequest" name="Request 1_Cancel" id="f98ab3c6-cf3c-4a5a-85a2-ba713a228244">
        <con:settings/>
        <con:config service="https://example.com" resourcePath="" methodName="" xsi:type="con:RestRequestStep" xmlns:xsi="http://www.w3.org/2001/XMLSchema-instance">
          <con:restRequest name="Request 1_Cancel" id="bfc608c2-6ff8-4e22-a463-1f5cd6cb8e2b" mediaType="multipart/form-data" postQueryString="false">
            <con:settings>
              <con:setting id="com.eviware.soapui.impl.wsdl.WsdlRequest@request-headers">&lt;xml-fragment/></con:setting>
            </con:settings>
            <con:endpoint>http://example.com</con:endpoint>
            <con:request/>
            <con:originalUri>https://example.com/</con:originalUri>
            <con:assertion type="Valid HTTP Status Codes" id="dd5a7e40-cc68-45a9-97fe-2a71ae1d8bf2" name="Valid HTTP Status Codes">
              <con:settings/>
              <con:configuration>
                <codes>200</codes>
              </con:configuration>
            </con:assertion>
            <con:credentials>
              <con:selectedAuthProfile>No Authorization</con:selectedAuthProfile>
              <con:authType>No Authorization</con:authType>
            </con:credentials>
            <con:jmsConfig JMSDeliveryMode="PERSISTENT"/>
            <con:jmsPropertyConfig/>
            <con:parameters/>
            <con:environmentSpec>
              <con:entry environmentId="f626b85b-863b-4d89-a19a-5d7889202519">
                <con:authProfile>Inherit From Parent</con:authProfile>
              </con:entry>
              <con:entry environmentId="c5c9e2a0-3337-4aad-8180-fe094b05bb08">
                <con:authProfile>Inherit From Parent</con:authProfile>
              </con:entry>
              <con:entry environmentId="1c733e89-5a57-43b0-8113-2736b32a6ed5">
                <con:authProfile>Inherit From Parent</con:authProfile>
              </con:entry>
            </con:environmentSpec>
          </con:restRequest>
        </con:config>
      </con:testStep>
      <con:properties/>
      <con:reportParameters/>
      <con:environmentSpec>
        <con:entry environmentId="f626b85b-863b-4d89-a19a-5d7889202519">
          <con:authProfile>Inherit From Parent</con:authProfile>
        </con:entry>
        <con:entry environmentId="c5c9e2a0-3337-4aad-8180-fe094b05bb08">
          <con:authProfile>Inherit From Parent</con:authProfile>
        </con:entry>
        <con:entry environmentId="1c733e89-5a57-43b0-8113-2736b32a6ed5">
          <con:authProfile>Inherit From Parent</con:authProfile>
        </con:entry>
      </con:environmentSpec>
    </con:testCase>
    <con:properties/>
    <con:reportParameters/>
    <con:environmentSpec>
      <con:entry environmentId="f626b85b-863b-4d89-a19a-5d7889202519">
        <con:authProfile>Inherit From Parent</con:authProfile>
      </con:entry>
      <con:entry environmentId="c5c9e2a0-3337-4aad-8180-fe094b05bb08">
        <con:authProfile>Inherit From Parent</con:authProfile>
      </con:entry>
      <con:entry environmentId="1c733e89-5a57-43b0-8113-2736b32a6ed5">
        <con:authProfile>Inherit From Parent</con:authProfile>
      </con:entry>
    </con:environmentSpec>
  </con:testSuite>
  <con:savedRecentRuns>1</con:savedRecentRuns>
  <con:requirements/>
  <con:properties/>
  <con:wssContainer/>
  <con:databaseConnectionContainer/>
  <con:jmsConnectionContainer/>
  <con:oAuth2ProfileContainer/>
  <con:oAuth1ProfileContainer/>
  <con:reporting>
    <con:xmlTemplates/>
    <con:parameters/>
  </con:reporting>
  <con:eventHandlers type="RequestFilter.filterRequest" name="RequestFilter.filterRequest">
    <con:script>// Sample event script to add custom HTTP header to all outgoing REST, SOAP and HTTP(S) calls
// This code is often used for adding custom authentication to SoapUI Pro tests

// If hardcoding the token, uncomment and change line 5
// def token = '4567'

// If your token is parameterized in Project level custom property, uncomment line 8
// def token = request.parent.testCase.testSuite.project.getProperty('auth_token').getValue()

// To modify all outgoing calls, remove comments from lines 11 to 16
// def headers = request.requestHeaders
// if (headers.containsKey('auth_token2') == false) {
//   headers.put('auth_token2', token)
//   request.requestHeaders = headers
// }</con:script>
  </con:eventHandlers>
  <con:eventHandlers type="TestRunListener.afterStep" name="TestRunListener.afterStep">
    <con:script>// Save all test step results into files
// Change the directory path in line 5 to a location where you want to store details
// then uncomment lines 5 to 10

// filePath = 'C:\\tempOutputDirectory\\'
// fos = new FileOutputStream(filePath + testStepResult.testStep.label + '.txt', true)
// pw = new PrintWriter(fos)
// testStepResult.writeTo(pw)
// pw.close()
// fos.close()</con:script>
  </con:eventHandlers>
  <con:authRepository/>
  <con:environmentSpec>
    <con:entry environmentId="f626b85b-863b-4d89-a19a-5d7889202519">
      <con:authProfile>No Authorization</con:authProfile>
    </con:entry>
    <con:entry environmentId="c5c9e2a0-3337-4aad-8180-fe094b05bb08">
      <con:authProfile>No Authorization</con:authProfile>
    </con:entry>
    <con:entry environmentId="1c733e89-5a57-43b0-8113-2736b32a6ed5">
      <con:authProfile>No Authorization</con:authProfile>
    </con:entry>
  </con:environmentSpec>
  <con:tags/>
</con:soapui-project>
